codigo, item, rubro, subrubro, deposito,stock,precioLista,fotos,talles,bordados
L-WW-BU-ST22,Buzo Standard Unisex Azul Marino 2XL,PRODUCTO WORKWEAR,BUZO,ECOMMERCE,10,"$35,900.00",,,
L-WW-BU-ST36,Buzo Standard Unisex Azul Marino 2XS,PRODUCTO WORKWEAR,BUZO,ECOMMERCE,2,"$35,900.00",,,
L-WW-BU-ST23,Buzo Standard Unisex Azul Marino 3XL,PRODUCTO WORKWEAR,BUZO,ECOMMERCE,3,"$35,900.00",,,
L-WW-BU-ST20,Buzo Standard Unisex Azul Marino L,PRODUCTO WORKWEAR,BUZO,ECOMMERCE,10,"$35,900.00",,,
L-WW-BU-ST19,Buzo Standard Unisex Azul Marino M,PRODUCTO WORKWEAR,BUZO,ECOMMERCE,8,"$35,900.00",,,
L-WW-BU-ST18,Buzo Standard Unisex Azul Marino S,PRODUCTO WORKWEAR,BUZO,ECOMMERCE,10,"$35,900.00",,,
L-WW-BU-ST21,Buzo Standard Unisex Azul Marino XL,PRODUCTO WORKWEAR,BUZO,ECOMMERCE,10,"$35,900.00",,,
L-WW-BU-ST17,Buzo Standard Unisex Azul Marino XS,PRODUCTO WORKWEAR,BUZO,ECOMMERCE,5,"$35,900.00",,,
L-WW-BU-ST14,Buzo Standard Unisex Gris Melange 2XL,PRODUCTO WORKWEAR,BUZO,ECOMMERCE,4,"$35,900.00",,,
L-WW-BU-ST35,Buzo Standard Unisex Gris Melange 2XS,PRODUCTO WORKWEAR,BUZO,ECOMMERCE,1,"$35,900.00",,,
L-WW-BU-ST15,Buzo Standard Unisex Gris Melange 3XL,PRODUCTO WORKWEAR,BUZO,ECOMMERCE,2,"$35,900.00",,,
L-WW-BU-ST12,Buzo Standard Unisex Gris Melange L,PRODUCTO WORKWEAR,BUZO,ECOMMERCE,4,"$35,900.00",,,
L-WW-BU-ST11,Buzo Standard Unisex Gris Melange M,PRODUCTO WORKWEAR,BUZO,ECOMMERCE,5,"$35,900.00",,,
L-WW-BU-ST10,Buzo Standard Unisex Gris Melange S,PRODUCTO WORKWEAR,BUZO,ECOMMERCE,5,"$35,900.00",,,
L-WW-BU-ST13,Buzo Standard Unisex Gris Melange XL,PRODUCTO WORKWEAR,BUZO,ECOMMERCE,5,"$35,900.00",,,
L-WW-BU-ST9,Buzo Standard Unisex Gris Melange XS,PRODUCTO WORKWEAR,BUZO,ECOMMERCE,2,"$35,900.00",,,
L-WW-BU-ST6,Buzo Standard Unisex Gris topo 2XL,PRODUCTO WORKWEAR,BUZO,ECOMMERCE,3,"$35,900.00",,,
L-WW-BU-ST34,Buzo Standard Unisex Gris topo 2XS,PRODUCTO WORKWEAR,BUZO,ECOMMERCE,2,"$35,900.00",,,
L-WW-BU-ST7,Buzo Standard Unisex Gris topo 3XL,PRODUCTO WORKWEAR,BUZO,ECOMMERCE,2,"$35,900.00",,,
L-WW-BU-ST4,Buzo Standard Unisex Gris topo L,PRODUCTO WORKWEAR,BUZO,ECOMMERCE,5,"$35,900.00",,,
L-WW-BU-ST3,Buzo Standard Unisex Gris topo M,PRODUCTO WORKWEAR,BUZO,ECOMMERCE,4,"$35,900.00",,,
L-WW-BU-ST2,Buzo Standard Unisex Gris topo S,PRODUCTO WORKWEAR,BUZO,ECOMMERCE,5,"$35,900.00",,,
L-WW-BU-ST5,Buzo Standard Unisex Gris topo XL,PRODUCTO WORKWEAR,BUZO,ECOMMERCE,5,"$35,900.00",,,
L-WW-BU-ST1,Buzo Standard Unisex Gris topo XS,PRODUCTO WORKWEAR,BUZO,ECOMMERCE,2,"$35,900.00",,,
L-WW-BU-ST30,Buzo Standard Unisex Negro 2XL,PRODUCTO WORKWEAR,BUZO,ECOMMERCE,10,"$35,900.00",,,
L-WW-BU-ST33,Buzo Standard Unisex Negro 2XS,PRODUCTO WORKWEAR,BUZO,ECOMMERCE,3,"$35,900.00",,,
L-WW-BU-ST31,Buzo Standard Unisex Negro 3XL,PRODUCTO WORKWEAR,BUZO,ECOMMERCE,3,"$35,900.00",,,
L-WW-BU-ST28,Buzo Standard Unisex Negro L,PRODUCTO WORKWEAR,BUZO,ECOMMERCE,8,"$35,900.00",,,
L-WW-BU-ST27,Buzo Standard Unisex Negro M,PRODUCTO WORKWEAR,BUZO,ECOMMERCE,8,"$35,900.00",,,
L-WW-BU-ST26,Buzo Standard Unisex Negro S,PRODUCTO WORKWEAR,BUZO,ECOMMERCE,10,"$35,900.00",,,
L-WW-BU-ST29,Buzo Standard Unisex Negro XL,PRODUCTO WORKWEAR,BUZO,ECOMMERCE,8,"$35,900.00",,,
L-WW-BU-ST25,Buzo Standard Unisex Negro XS,PRODUCTO WORKWEAR,BUZO,ECOMMERCE,5,"$35,900.00",,,
L-WW-CAM-DR20,Camisa Drill Dama Celeste 36,PRODUCTO WORKWEAR,CAMISA,ECOMMERCE,2,"$45,990.00",,,
L-WW-CAM-DR21,Camisa Drill Dama Celeste 38,PRODUCTO WORKWEAR,CAMISA,ECOMMERCE,10,"$45,990.00",,,
L-WW-CAM-DR22,Camisa Drill Dama Celeste 40,PRODUCTO WORKWEAR,CAMISA,ECOMMERCE,9,"$45,990.00",,,
L-WW-CAM-DR23,Camisa Drill Dama Celeste 42,PRODUCTO WORKWEAR,CAMISA,ECOMMERCE,10,"$45,990.00",,,
L-WW-CAM-DR24,Camisa Drill Dama Celeste 44,PRODUCTO WORKWEAR,CAMISA,ECOMMERCE,8,"$45,990.00",,,
L-WW-CAM-DR25,Camisa Drill Dama Celeste 46,PRODUCTO WORKWEAR,CAMISA,ECOMMERCE,5,"$45,990.00",,,
L-WW-CAM-DR26,Camisa Drill Dama Celeste 48,PRODUCTO WORKWEAR,CAMISA,ECOMMERCE,3,"$45,990.00",,,
L-WW-CAM-DR27,Camisa Drill Dama Celeste 50,PRODUCTO WORKWEAR,CAMISA,ECOMMERCE,3,"$45,990.00",,,
L-WW-CAM-DR30,Camisa Drill Dama Gris 38,PRODUCTO WORKWEAR,CAMISA,ECOMMERCE,2,"$45,990.00",,,
L-WW-CAM-DR31,Camisa Drill Dama Gris 40,PRODUCTO WORKWEAR,CAMISA,ECOMMERCE,1,"$45,990.00",,,
L-WW-CAM-DR32,Camisa Drill Dama Gris 42,PRODUCTO WORKWEAR,CAMISA,ECOMMERCE,1,"$45,990.00",,,
L-WW-CAM-DR33,Camisa Drill Dama Gris 44,PRODUCTO WORKWEAR,CAMISA,ECOMMERCE,1,"$45,990.00",,,
L-WW-CAM-DR34,Camisa Drill Dama Gris 46,PRODUCTO WORKWEAR,CAMISA,ECOMMERCE,1,"$45,990.00",,,
L-WW-CAM-DR35,Camisa Drill Dama Gris 48,PRODUCTO WORKWEAR,CAMISA,ECOMMERCE,1,"$45,990.00",,,
L-WW-CAM-DR36,Camisa Drill Dama Gris 50,PRODUCTO WORKWEAR,CAMISA,ECOMMERCE,1,"$45,990.00",,,
L-WW-CAM-DR39,Camisa Drill Hombre Blanco 38,PRODUCTO WORKWEAR,CAMISA,ECOMMERCE,2,"$48,990.00",,,
L-WW-CAM-DR40,Camisa Drill Hombre Blanco 40,PRODUCTO WORKWEAR,CAMISA,ECOMMERCE,4,"$48,990.00",,,
L-WW-CAM-DR41,Camisa Drill Hombre Blanco 42,PRODUCTO WORKWEAR,CAMISA,ECOMMERCE,3,"$48,990.00",,,
L-WW-CAM-DR42,Camisa Drill Hombre Blanco 44,PRODUCTO WORKWEAR,CAMISA,ECOMMERCE,4,"$48,990.00",,,
L-WW-CAM-DR43,Camisa Drill Hombre Blanco 46,PRODUCTO WORKWEAR,CAMISA,ECOMMERCE,4,"$48,990.00",,,
L-WW-CAM-DR44,Camisa Drill Hombre Blanco 48,PRODUCTO WORKWEAR,CAMISA,ECOMMERCE,2,"$48,990.00",,,
L-WW-CAM-DR45,Camisa Drill Hombre Blanco 50,PRODUCTO WORKWEAR,CAMISA,ECOMMERCE,2,"$48,990.00",,,
L-WW-CAM-DR46,Camisa Drill Hombre Blanco 52,PRODUCTO WORKWEAR,CAMISA,ECOMMERCE,2,"$48,990.00",,,
L-WW-CAM-DR37,Camisa Drill Hombre Celeste 38,PRODUCTO WORKWEAR,CAMISA,ECOMMERCE,3,"$48,990.00",,,
L-WW-CAM-DR1,Camisa Drill Hombre Celeste 40,PRODUCTO WORKWEAR,CAMISA,ECOMMERCE,5,"$48,990.00",,,
L-WW-CAM-DR2,Camisa Drill Hombre Celeste 42,PRODUCTO WORKWEAR,CAMISA,ECOMMERCE,8,"$48,990.00",,,
L-WW-CAM-DR3,Camisa Drill Hombre Celeste 44,PRODUCTO WORKWEAR,CAMISA,ECOMMERCE,8,"$48,990.00",,,
L-WW-CAM-DR4,Camisa Drill Hombre Celeste 46,PRODUCTO WORKWEAR,CAMISA,ECOMMERCE,9,"$48,990.00",,,
L-WW-CAM-DR5,Camisa Drill Hombre Celeste 48,PRODUCTO WORKWEAR,CAMISA,ECOMMERCE,5,"$48,990.00",,,
L-WW-CAM-DR6,Camisa Drill Hombre Celeste 50,PRODUCTO WORKWEAR,CAMISA,ECOMMERCE,3,"$48,990.00",,,
L-WW-CAM-DR7,Camisa Drill Hombre Celeste 52,PRODUCTO WORKWEAR,CAMISA,ECOMMERCE,3,"$48,990.00",,,
L-WW-CAM-DR38,Camisa Drill Hombre Gris 38,PRODUCTO WORKWEAR,CAMISA,ECOMMERCE,1,"$48,990.00",,,
L-WW-CAM-DR10,Camisa Drill Hombre Gris 40,PRODUCTO WORKWEAR,CAMISA,ECOMMERCE,2,"$48,990.00",,,
L-WW-CAM-DR11,Camisa Drill Hombre Gris 42,PRODUCTO WORKWEAR,CAMISA,ECOMMERCE,1,"$48,990.00",,,
L-WW-CAM-DR12,Camisa Drill Hombre Gris 44,PRODUCTO WORKWEAR,CAMISA,ECOMMERCE,1,"$48,990.00",,,
L-WW-CAM-DR13,Camisa Drill Hombre Gris 46,PRODUCTO WORKWEAR,CAMISA,ECOMMERCE,3,"$48,990.00",,,
L-WW-CAM-DR14,Camisa Drill Hombre Gris 48,PRODUCTO WORKWEAR,CAMISA,ECOMMERCE,1,"$48,990.00",,,
L-WW-CAM-DR15,Camisa Drill Hombre Gris 50,PRODUCTO WORKWEAR,CAMISA,ECOMMERCE,1,"$48,990.00",,,
L-WW-CAM-DR16,Camisa Drill Hombre Gris 52,PRODUCTO WORKWEAR,CAMISA,ECOMMERCE,1,"$48,990.00",,,
L-OF-CAM-EXE44,Camisa Executive Dama BLANCO 36,PRODUCTO OFFICE,CAMISA,ECOMMERCE,18,"$65,990.00",,,
L-OF-CAM-EXE45,Camisa Executive Dama BLANCO 38,PRODUCTO OFFICE,CAMISA,ECOMMERCE,50,"$65,990.00",,,
L-OF-CAM-EXE46,Camisa Executive Dama BLANCO 40,PRODUCTO OFFICE,CAMISA,ECOMMERCE,49,"$65,990.00",,,
L-OF-CAM-EXE47,Camisa Executive Dama BLANCO 42,PRODUCTO OFFICE,CAMISA,ECOMMERCE,49,"$65,990.00",,,
L-OF-CAM-EXE48,Camisa Executive Dama BLANCO 44,PRODUCTO OFFICE,CAMISA,ECOMMERCE,50,"$65,990.00",,,
L-OF-CAM-EXE49,Camisa Executive Dama BLANCO 46,PRODUCTO OFFICE,CAMISA,ECOMMERCE,28,"$65,990.00",,,
L-OF-CAM-EXE50,Camisa Executive Dama BLANCO 48,PRODUCTO OFFICE,CAMISA,ECOMMERCE,23,"$65,990.00",,,
L-OF-CAM-EXE51,Camisa Executive Dama BLANCO 50,PRODUCTO OFFICE,CAMISA,ECOMMERCE,28,"$65,990.00",,,
L-OF-CAM-EXE30,Camisa Executive Dama CELESTE 36,PRODUCTO OFFICE,CAMISA,ECOMMERCE,9,"$65,990.00",,,
L-OF-CAM-EXE31,Camisa Executive Dama CELESTE 38,PRODUCTO OFFICE,CAMISA,ECOMMERCE,16,"$65,990.00",,,
L-OF-CAM-EXE32,Camisa Executive Dama CELESTE 40,PRODUCTO OFFICE,CAMISA,ECOMMERCE,20,"$65,990.00",,,
L-OF-CAM-EXE33,Camisa Executive Dama CELESTE 42,PRODUCTO OFFICE,CAMISA,ECOMMERCE,21,"$65,990.00",,,
L-OF-CAM-EXE34,Camisa Executive Dama CELESTE 44,PRODUCTO OFFICE,CAMISA,ECOMMERCE,19,"$65,990.00",,,
L-OF-CAM-EXE35,Camisa Executive Dama CELESTE 46,PRODUCTO OFFICE,CAMISA,ECOMMERCE,11,"$65,990.00",,,
L-OF-CAM-EXE36,Camisa Executive Dama CELESTE 48,PRODUCTO OFFICE,CAMISA,ECOMMERCE,9,"$65,990.00",,,
L-OF-CAM-EXE37,Camisa Executive Dama CELESTE 50,PRODUCTO OFFICE,CAMISA,ECOMMERCE,9,"$65,990.00",,,
L-OF-TEJ-CAR-CHA18,Cardigan Charm D AZUL MAR 2XL,PRODUCTO OFFICE,TEJIDO,ECOMMERCE,8,"$74,900.00",,,
L-OF-TEJ-CAR-CHA13,Cardigan Charm D AZUL MAR 3XL,PRODUCTO OFFICE,TEJIDO,ECOMMERCE,3,"$74,900.00",,,
L-OF-TEJ-CAR-CHA16,Cardigan Charm D AZUL MAR L,PRODUCTO OFFICE,TEJIDO,ECOMMERCE,10,"$74,900.00",,,
L-OF-TEJ-CAR-CHA15,Cardigan Charm D AZUL MAR M,PRODUCTO OFFICE,TEJIDO,ECOMMERCE,13,"$74,900.00",,,
L-OF-TEJ-CAR-CHA14,Cardigan Charm D AZUL MAR S,PRODUCTO OFFICE,TEJIDO,ECOMMERCE,5,"$74,900.00",,,
L-OF-TEJ-CAR-CHA17,Cardigan Charm D AZUL MAR XL,PRODUCTO OFFICE,TEJIDO,ECOMMERCE,10,"$74,900.00",,,
L-OF-TEJ-CAR-CHA12,Cardigan Charm D GRIS MEL CL 2XL,PRODUCTO OFFICE,TEJIDO,ECOMMERCE,19,"$74,900.00",,,
L-OF-TEJ-CAR-CHA7,Cardigan Charm D GRIS MEL CL 3XL,PRODUCTO OFFICE,TEJIDO,ECOMMERCE,10,"$74,900.00",,,
L-OF-TEJ-CAR-CHA10,Cardigan Charm D GRIS MEL CL L,PRODUCTO OFFICE,TEJIDO,ECOMMERCE,20,"$74,900.00",,,
L-OF-TEJ-CAR-CHA9,Cardigan Charm D GRIS MEL CL M,PRODUCTO OFFICE,TEJIDO,ECOMMERCE,20,"$74,900.00",,,
L-OF-TEJ-CAR-CHA8,Cardigan Charm D GRIS MEL CL S,PRODUCTO OFFICE,TEJIDO,ECOMMERCE,10,"$74,900.00",,,
L-OF-TEJ-CAR-CHA11,Cardigan Charm D GRIS MEL CL XL,PRODUCTO OFFICE,TEJIDO,ECOMMERCE,19,"$74,900.00",,,
L-OF-TEJ-CAR-CHA6,Cardigan Charm Dama NEGRO 2XL,PRODUCTO OFFICE,TEJIDO,ECOMMERCE,20,"$74,900.00",,,
L-OF-TEJ-CAR-CHA1,Cardigan Charm Dama NEGRO 3XL,PRODUCTO OFFICE,TEJIDO,ECOMMERCE,10,"$74,900.00",,,
L-OF-TEJ-CAR-CHA4,Cardigan Charm Dama NEGRO L,PRODUCTO OFFICE,TEJIDO,ECOMMERCE,19,"$74,900.00",,,
L-OF-TEJ-CAR-CHA3,Cardigan Charm Dama NEGRO M,PRODUCTO OFFICE,TEJIDO,ECOMMERCE,13,"$74,900.00",,,
L-OF-TEJ-CAR-CHA2,Cardigan Charm Dama NEGRO S,PRODUCTO OFFICE,TEJIDO,ECOMMERCE,11,"$74,900.00",,,
L-OF-TEJ-CAR-CHA5,Cardigan Charm Dama NEGRO XL,PRODUCTO OFFICE,TEJIDO,ECOMMERCE,19,"$74,900.00",,,
L-OF-PAN-CBAL56,Cargo Balance D ARENA 36,PRODUCTO OFFICE,PANTALON,ECOMMERCE,2,"$64,990.00",,,
L-OF-PAN-CBAL57,Cargo Balance D ARENA 38,PRODUCTO OFFICE,PANTALON,ECOMMERCE,4,"$64,990.00",,,
L-OF-PAN-CBAL58,Cargo Balance D ARENA 40,PRODUCTO OFFICE,PANTALON,ECOMMERCE,4,"$64,990.00",,,
L-OF-PAN-CBAL59,Cargo Balance D ARENA 42,PRODUCTO OFFICE,PANTALON,ECOMMERCE,4,"$64,990.00",,,
L-OF-PAN-CBAL60,Cargo Balance D ARENA 44,PRODUCTO OFFICE,PANTALON,ECOMMERCE,4,"$64,990.00",,,
L-OF-PAN-CBAL61,Cargo Balance D ARENA 46,PRODUCTO OFFICE,PANTALON,ECOMMERCE,4,"$64,990.00",,,
L-OF-PAN-CBAL62,Cargo Balance D ARENA 48,PRODUCTO OFFICE,PANTALON,ECOMMERCE,2,"$64,990.00",,,
L-OF-PAN-CBAL63,Cargo Balance D ARENA 50,PRODUCTO OFFICE,PANTALON,ECOMMERCE,2,"$64,990.00",,,
L-OF-PAN-CBAL75,Cargo Balance D GRIS TOPO 36,PRODUCTO OFFICE,PANTALON,ECOMMERCE,2,"$64,990.00",,,
L-OF-PAN-CBAL76,Cargo Balance D GRIS TOPO 38,PRODUCTO OFFICE,PANTALON,ECOMMERCE,8,"$64,990.00",,,
L-OF-PAN-CBAL77,Cargo Balance D GRIS TOPO 40,PRODUCTO OFFICE,PANTALON,ECOMMERCE,7,"$64,990.00",,,
L-OF-PAN-CBAL78,Cargo Balance D GRIS TOPO 42,PRODUCTO OFFICE,PANTALON,ECOMMERCE,7,"$64,990.00",,,
L-OF-PAN-CBAL79,Cargo Balance D GRIS TOPO 44,PRODUCTO OFFICE,PANTALON,ECOMMERCE,8,"$64,990.00",,,
L-OF-PAN-CBAL80,Cargo Balance D GRIS TOPO 46,PRODUCTO OFFICE,PANTALON,ECOMMERCE,4,"$64,990.00",,,
L-OF-PAN-CBAL81,Cargo Balance D GRIS TOPO 48,PRODUCTO OFFICE,PANTALON,ECOMMERCE,2,"$64,990.00",,,
L-OF-PAN-CBAL82,Cargo Balance D GRIS TOPO 50,PRODUCTO OFFICE,PANTALON,ECOMMERCE,2,"$64,990.00",,,
L-OF-PAN-CBAL45,Cargo Balance Dama AZUL MARINO 36,PRODUCTO OFFICE,PANTALON,ECOMMERCE,2,"$64,990.00",,,
L-OF-PAN-CBAL46,Cargo Balance Dama AZUL MARINO 38,PRODUCTO OFFICE,PANTALON,ECOMMERCE,7,"$64,990.00",,,
L-OF-PAN-CBAL47,Cargo Balance Dama AZUL MARINO 40,PRODUCTO OFFICE,PANTALON,ECOMMERCE,7,"$64,990.00",,,
L-OF-PAN-CBAL48,Cargo Balance Dama AZUL MARINO 42,PRODUCTO OFFICE,PANTALON,ECOMMERCE,8,"$64,990.00",,,
L-OF-PAN-CBAL49,Cargo Balance Dama AZUL MARINO 44,PRODUCTO OFFICE,PANTALON,ECOMMERCE,8,"$64,990.00",,,
L-OF-PAN-CBAL50,Cargo Balance Dama AZUL MARINO 46,PRODUCTO OFFICE,PANTALON,ECOMMERCE,4,"$64,990.00",,,
L-OF-PAN-CBAL51,Cargo Balance Dama AZUL MARINO 48,PRODUCTO OFFICE,PANTALON,ECOMMERCE,2,"$64,990.00",,,
L-OF-PAN-CBAL52,Cargo Balance Dama AZUL MARINO 50,PRODUCTO OFFICE,PANTALON,ECOMMERCE,2,"$64,990.00",,,
L-OF-PAN-CBAL34,Cargo Balance Dama NEGRO 36,PRODUCTO OFFICE,PANTALON,ECOMMERCE,2,"$64,990.00",,,
L-OF-PAN-CBAL35,Cargo Balance Dama NEGRO 38,PRODUCTO OFFICE,PANTALON,ECOMMERCE,9,"$64,990.00",,,
L-OF-PAN-CBAL36,Cargo Balance Dama NEGRO 40,PRODUCTO OFFICE,PANTALON,ECOMMERCE,8,"$64,990.00",,,
L-OF-PAN-CBAL37,Cargo Balance Dama NEGRO 42,PRODUCTO OFFICE,PANTALON,ECOMMERCE,9,"$64,990.00",,,
L-OF-PAN-CBAL38,Cargo Balance Dama NEGRO 44,PRODUCTO OFFICE,PANTALON,ECOMMERCE,9,"$64,990.00",,,
L-OF-PAN-CBAL39,Cargo Balance Dama NEGRO 46,PRODUCTO OFFICE,PANTALON,ECOMMERCE,5,"$64,990.00",,,
L-OF-PAN-CBAL40,Cargo Balance Dama NEGRO 48,PRODUCTO OFFICE,PANTALON,ECOMMERCE,2,"$64,990.00",,,
L-OF-PAN-CBAL41,Cargo Balance Dama NEGRO 50,PRODUCTO OFFICE,PANTALON,ECOMMERCE,3,"$64,990.00",,,
L-OF-PAN-CBAL15,Cargo Balance H AZUL MAR 42,PRODUCTO OFFICE,PANTALON,ECOMMERCE,20,"$69,990.00",,,
L-OF-PAN-CBAL16,Cargo Balance H AZUL MAR 44,PRODUCTO OFFICE,PANTALON,ECOMMERCE,38,"$69,990.00",,,
L-OF-PAN-CBAL17,Cargo Balance H AZUL MAR 46,PRODUCTO OFFICE,PANTALON,ECOMMERCE,30,"$69,990.00",,,
L-OF-PAN-CBAL18,Cargo Balance H AZUL MAR 48,PRODUCTO OFFICE,PANTALON,ECOMMERCE,20,"$69,990.00",,,
L-OF-PAN-CBAL19,Cargo Balance H AZUL MAR 50,PRODUCTO OFFICE,PANTALON,ECOMMERCE,18,"$69,990.00",,,
L-OF-PAN-CBAL20,Cargo Balance H AZUL MAR 52,PRODUCTO OFFICE,PANTALON,ECOMMERCE,10,"$69,990.00",,,
L-OF-PAN-CBAL67,Cargo Balance H GRIS TOPO 38,PRODUCTO OFFICE,PANTALON,ECOMMERCE,9,"$69,990.00",,,
L-OF-PAN-CBAL68,Cargo Balance H GRIS TOPO 40,PRODUCTO OFFICE,PANTALON,ECOMMERCE,17,"$69,990.00",,,
L-OF-PAN-CBAL69,Cargo Balance H GRIS TOPO 42,PRODUCTO OFFICE,PANTALON,ECOMMERCE,36,"$69,990.00",,,
L-OF-PAN-CBAL70,Cargo Balance H GRIS TOPO 44,PRODUCTO OFFICE,PANTALON,ECOMMERCE,40,"$69,990.00",,,
L-OF-PAN-CBAL71,Cargo Balance H GRIS TOPO 46,PRODUCTO OFFICE,PANTALON,ECOMMERCE,28,"$69,990.00",,,
L-OF-PAN-CBAL72,Cargo Balance H GRIS TOPO 48,PRODUCTO OFFICE,PANTALON,ECOMMERCE,28,"$69,990.00",,,
L-OF-PAN-CBAL73,Cargo Balance H GRIS TOPO 50,PRODUCTO OFFICE,PANTALON,ECOMMERCE,17,"$69,990.00",,,
L-OF-PAN-CBAL74,Cargo Balance H GRIS TOPO 52,PRODUCTO OFFICE,PANTALON,ECOMMERCE,10,"$69,990.00",,,
L-OF-PAN-CBAL24,Cargo Balance Hombre CEMENTO 38,PRODUCTO OFFICE,PANTALON,ECOMMERCE,1,"$69,990.00",,,
L-OF-PAN-CBAL26,Cargo Balance Hombre CEMENTO 42,PRODUCTO OFFICE,PANTALON,ECOMMERCE,4,"$69,990.00",,,
L-OF-PAN-CBAL27,Cargo Balance Hombre CEMENTO 44,PRODUCTO OFFICE,PANTALON,ECOMMERCE,6,"$69,990.00",,,
L-OF-PAN-CBAL28,Cargo Balance Hombre CEMENTO 46,PRODUCTO OFFICE,PANTALON,ECOMMERCE,5,"$69,990.00",,,
L-OF-PAN-CBAL29,Cargo Balance Hombre CEMENTO 48,PRODUCTO OFFICE,PANTALON,ECOMMERCE,5,"$69,990.00",,,
L-OF-PAN-CBAL30,Cargo Balance Hombre CEMENTO 50,PRODUCTO OFFICE,PANTALON,ECOMMERCE,3,"$69,990.00",,,
L-OF-PAN-CBAL31,Cargo Balance Hombre CEMENTO 52,PRODUCTO OFFICE,PANTALON,ECOMMERCE,1,"$69,990.00",,,
L-OF-PAN-CBAL2,Cargo Balance Hombre NEGRO 38,PRODUCTO OFFICE,PANTALON,ECOMMERCE,8,"$69,990.00",,,
L-OF-PAN-CBAL3,Cargo Balance Hombre NEGRO 40,PRODUCTO OFFICE,PANTALON,ECOMMERCE,9,"$69,990.00",,,
L-OF-PAN-CBAL4,Cargo Balance Hombre NEGRO 42,PRODUCTO OFFICE,PANTALON,ECOMMERCE,19,"$69,990.00",,,
L-OF-PAN-CBAL5,Cargo Balance Hombre NEGRO 44,PRODUCTO OFFICE,PANTALON,ECOMMERCE,18,"$69,990.00",,,
L-OF-PAN-CBAL6,Cargo Balance Hombre NEGRO 46,PRODUCTO OFFICE,PANTALON,ECOMMERCE,14,"$69,990.00",,,
L-OF-PAN-CBAL7,Cargo Balance Hombre NEGRO 48,PRODUCTO OFFICE,PANTALON,ECOMMERCE,14,"$69,990.00",,,
L-OF-PAN-CBAL8,Cargo Balance Hombre NEGRO 50,PRODUCTO OFFICE,PANTALON,ECOMMERCE,10,"$69,990.00",,,
L-OF-PAN-CBAL9,Cargo Balance Hombre NEGRO 52,PRODUCTO OFFICE,PANTALON,ECOMMERCE,8,"$69,990.00",,,
L-WW-PAN-CBO24,Cargo Bolt Hombre Azul Marino 38,PRODUCTO WORKWEAR,PANTALON,ECOMMERCE,16,"$58,650.00",,,
L-WW-PAN-CBO25,Cargo Bolt Hombre Azul Marino 40,PRODUCTO WORKWEAR,PANTALON,ECOMMERCE,20,"$58,650.00",,,
L-WW-PAN-CBO26,Cargo Bolt Hombre Azul Marino 42,PRODUCTO WORKWEAR,PANTALON,ECOMMERCE,37,"$58,650.00",,,
L-WW-PAN-CBO27,Cargo Bolt Hombre Azul Marino 44,PRODUCTO WORKWEAR,PANTALON,ECOMMERCE,39,"$58,650.00",,,
L-WW-PAN-CBO28,Cargo Bolt Hombre Azul Marino 46,PRODUCTO WORKWEAR,PANTALON,ECOMMERCE,30,"$58,650.00",,,
L-WW-PAN-CBO29,Cargo Bolt Hombre Azul Marino 48,PRODUCTO WORKWEAR,PANTALON,ECOMMERCE,26,"$58,650.00",,,
L-WW-PAN-CBO30,Cargo Bolt Hombre Azul Marino 50,PRODUCTO WORKWEAR,PANTALON,ECOMMERCE,19,"$58,650.00",,,
L-WW-PAN-CBO31,Cargo Bolt Hombre Azul Marino 52,PRODUCTO WORKWEAR,PANTALON,ECOMMERCE,16,"$58,650.00",,,
L-WW-PAN-CBO13,Cargo Bolt Hombre Gris Topo 38,PRODUCTO WORKWEAR,PANTALON,ECOMMERCE,13,"$58,650.00",,,
L-WW-PAN-CBO14,Cargo Bolt Hombre Gris Topo 40,PRODUCTO WORKWEAR,PANTALON,ECOMMERCE,16,"$58,650.00",,,
L-WW-PAN-CBO15,Cargo Bolt Hombre Gris Topo 42,PRODUCTO WORKWEAR,PANTALON,ECOMMERCE,35,"$58,650.00",,,
L-WW-PAN-CBO16,Cargo Bolt Hombre Gris Topo 44,PRODUCTO WORKWEAR,PANTALON,ECOMMERCE,38,"$58,650.00",,,
L-WW-PAN-CBO17,Cargo Bolt Hombre Gris Topo 46,PRODUCTO WORKWEAR,PANTALON,ECOMMERCE,27,"$58,650.00",,,
L-WW-PAN-CBO18,Cargo Bolt Hombre Gris Topo 48,PRODUCTO WORKWEAR,PANTALON,ECOMMERCE,23,"$58,650.00",,,
L-WW-PAN-CBO19,Cargo Bolt Hombre Gris Topo 50,PRODUCTO WORKWEAR,PANTALON,ECOMMERCE,19,"$58,650.00",,,
L-WW-PAN-CBO20,Cargo Bolt Hombre Gris Topo 52,PRODUCTO WORKWEAR,PANTALON,ECOMMERCE,15,"$58,650.00",,,
L-WW-PAN-CBO35,Cargo Bolt Hombre Negro 38,PRODUCTO WORKWEAR,PANTALON,ECOMMERCE,8,"$58,650.00",,,
L-WW-PAN-CBO36,Cargo Bolt Hombre Negro 40,PRODUCTO WORKWEAR,PANTALON,ECOMMERCE,10,"$58,650.00",,,
L-WW-PAN-CBO37,Cargo Bolt Hombre Negro 42,PRODUCTO WORKWEAR,PANTALON,ECOMMERCE,17,"$58,650.00",,,
L-WW-PAN-CBO38,Cargo Bolt Hombre Negro 44,PRODUCTO WORKWEAR,PANTALON,ECOMMERCE,19,"$58,650.00",,,
L-WW-PAN-CBO39,Cargo Bolt Hombre Negro 46,PRODUCTO WORKWEAR,PANTALON,ECOMMERCE,15,"$58,650.00",,,
L-WW-PAN-CBO40,Cargo Bolt Hombre Negro 48,PRODUCTO WORKWEAR,PANTALON,ECOMMERCE,15,"$58,650.00",,,
L-WW-PAN-CBO41,Cargo Bolt Hombre Negro 50,PRODUCTO WORKWEAR,PANTALON,ECOMMERCE,10,"$58,650.00",,,
L-WW-PAN-CBO42,Cargo Bolt Hombre Negro 52,PRODUCTO WORKWEAR,PANTALON,ECOMMERCE,8,"$58,650.00",,,
L-WW-PAN-CIMP29,Cargo Impacted Unisex Azul Marino 2XL,PRODUCTO WORKWEAR,PANTALON,ECOMMERCE,12,"$65,990.00",,,
L-WW-PAN-CIMP23,Cargo Impacted Unisex Azul Marino 2XS,PRODUCTO WORKWEAR,PANTALON,ECOMMERCE,11,"$65,990.00",,,
L-WW-PAN-CIMP30,Cargo Impacted Unisex Azul Marino 3XL,PRODUCTO WORKWEAR,PANTALON,ECOMMERCE,12,"$65,990.00",,,
L-WW-PAN-CIMP27,Cargo Impacted Unisex Azul Marino L,PRODUCTO WORKWEAR,PANTALON,ECOMMERCE,12,"$65,990.00",,,
L-WW-PAN-CIMP26,Cargo Impacted Unisex Azul Marino M,PRODUCTO WORKWEAR,PANTALON,ECOMMERCE,11,"$65,990.00",,,
L-WW-PAN-CIMP25,Cargo Impacted Unisex Azul Marino S,PRODUCTO WORKWEAR,PANTALON,ECOMMERCE,10,"$65,990.00",,,
L-WW-PAN-CIMP28,Cargo Impacted Unisex Azul Marino XL,PRODUCTO WORKWEAR,PANTALON,ECOMMERCE,12,"$65,990.00",,,
L-WW-PAN-CIMP24,Cargo Impacted Unisex Azul Marino XS,PRODUCTO WORKWEAR,PANTALON,ECOMMERCE,12,"$65,990.00",,,
L-WW-PAN-CIMP7,Cargo Impacted Unisex Cemento 2XL,PRODUCTO WORKWEAR,PANTALON,ECOMMERCE,5,"$65,990.00",,,
L-WW-PAN-CIMP1,Cargo Impacted Unisex Cemento 2XS,PRODUCTO WORKWEAR,PANTALON,ECOMMERCE,5,"$65,990.00",,,
L-WW-PAN-CIMP8,Cargo Impacted Unisex Cemento 3XL,PRODUCTO WORKWEAR,PANTALON,ECOMMERCE,5,"$65,990.00",,,
L-WW-PAN-CIMP5,Cargo Impacted Unisex Cemento L,PRODUCTO WORKWEAR,PANTALON,ECOMMERCE,4,"$65,990.00",,,
L-WW-PAN-CIMP4,Cargo Impacted Unisex Cemento M,PRODUCTO WORKWEAR,PANTALON,ECOMMERCE,5,"$65,990.00",,,
L-WW-PAN-CIMP3,Cargo Impacted Unisex Cemento S,PRODUCTO WORKWEAR,PANTALON,ECOMMERCE,5,"$65,990.00",,,
L-WW-PAN-CIMP6,Cargo Impacted Unisex Cemento XL,PRODUCTO WORKWEAR,PANTALON,ECOMMERCE,5,"$65,990.00",,,
L-WW-PAN-CIMP2,Cargo Impacted Unisex Cemento XS,PRODUCTO WORKWEAR,PANTALON,ECOMMERCE,5,"$65,990.00",,,
L-WW-PAN-CIMP40,Cargo Impacted Unisex Negro 2XL,PRODUCTO WORKWEAR,PANTALON,ECOMMERCE,12,"$65,990.00",,,
L-WW-PAN-CIMP34,Cargo Impacted Unisex Negro 2XS,PRODUCTO WORKWEAR,PANTALON,ECOMMERCE,12,"$65,990.00",,,
L-WW-PAN-CIMP41,Cargo Impacted Unisex Negro 3XL,PRODUCTO WORKWEAR,PANTALON,ECOMMERCE,12,"$65,990.00",,,
L-WW-PAN-CIMP38,Cargo Impacted Unisex Negro L,PRODUCTO WORKWEAR,PANTALON,ECOMMERCE,11,"$65,990.00",,,
L-WW-PAN-CIMP37,Cargo Impacted Unisex Negro M,PRODUCTO WORKWEAR,PANTALON,ECOMMERCE,11,"$65,990.00",,,
L-WW-PAN-CIMP36,Cargo Impacted Unisex Negro S,PRODUCTO WORKWEAR,PANTALON,ECOMMERCE,9,"$65,990.00",,,
L-WW-PAN-CIMP39,Cargo Impacted Unisex Negro XL,PRODUCTO WORKWEAR,PANTALON,ECOMMERCE,10,"$65,990.00",,,
L-WW-PAN-CIMP35,Cargo Impacted Unisex Negro XS,PRODUCTO WORKWEAR,PANTALON,ECOMMERCE,11,"$65,990.00",,,
L-OF-PAN-CH-CF1,Chino Confort Fit DAMA AZUL 36,PRODUCTO OFFICE,PANTALON,ECOMMERCE,6,"$57,990.00",,,
L-OF-PAN-CH - CF2,Chino Confort Fit DAMA AZUL 38,PRODUCTO OFFICE,PANTALON,ECOMMERCE,9,"$57,990.00",,,
L-OF-PAN-CH - CF3,Chino Confort Fit DAMA AZUL 40,PRODUCTO OFFICE,PANTALON,ECOMMERCE,20,"$57,990.00",,,
L-OF-PAN-CH - CF4,Chino Confort Fit DAMA AZUL 42,PRODUCTO OFFICE,PANTALON,ECOMMERCE,20,"$57,990.00",,,
L-OF-PAN-CH - CF5,Chino Confort Fit DAMA AZUL 44,PRODUCTO OFFICE,PANTALON,ECOMMERCE,20,"$57,990.00",,,
L-OF-PAN-CH - CF6,Chino Confort Fit DAMA AZUL 46,PRODUCTO OFFICE,PANTALON,ECOMMERCE,20,"$57,990.00",,,
L-OF-PAN-CH - CF7,Chino Confort Fit DAMA AZUL 48,PRODUCTO OFFICE,PANTALON,ECOMMERCE,10,"$57,990.00",,,
L-OF-PAN-CH - CF8,Chino Confort Fit DAMA AZUL 50,PRODUCTO OFFICE,PANTALON,ECOMMERCE,8,"$57,990.00",,,
L-OF-PAN-CH - CF9,Chino Confort Fit DAMA NEGRO 36,PRODUCTO OFFICE,PANTALON,ECOMMERCE,8,"$57,990.00",,,
L-OF-PAN-CH - CF10,Chino Confort Fit DAMA NEGRO 38,PRODUCTO OFFICE,PANTALON,ECOMMERCE,9,"$57,990.00",,,
L-OF-PAN-CH - CF11,Chino Confort Fit DAMA NEGRO 40,PRODUCTO OFFICE,PANTALON,ECOMMERCE,18,"$57,990.00",,,
L-OF-PAN-CH - CF12,Chino Confort Fit DAMA NEGRO 42,PRODUCTO OFFICE,PANTALON,ECOMMERCE,20,"$57,990.00",,,
L-OF-PAN-CH - CF13,Chino Confort Fit DAMA NEGRO 44,PRODUCTO OFFICE,PANTALON,ECOMMERCE,19,"$57,990.00",,,
L-OF-PAN-CH - CF14,Chino Confort Fit DAMA NEGRO 46,PRODUCTO OFFICE,PANTALON,ECOMMERCE,20,"$57,990.00",,,
L-OF-PAN-CH - CF15,Chino Confort Fit DAMA NEGRO 48,PRODUCTO OFFICE,PANTALON,ECOMMERCE,10,"$57,990.00",,,
L-OF-PAN-CH - CF16,Chino Confort Fit DAMA NEGRO 50,PRODUCTO OFFICE,PANTALON,ECOMMERCE,10,"$57,990.00",,,
L-OF-PAN-CH - CF17,Chino Confort Fit DAMA TOSTADO 36,PRODUCTO OFFICE,PANTALON,ECOMMERCE,3,"$57,990.00",,,
L-OF-PAN-CH - CF18,Chino Confort Fit DAMA TOSTADO 38,PRODUCTO OFFICE,PANTALON,ECOMMERCE,4,"$57,990.00",,,
L-OF-PAN-CH - CF19,Chino Confort Fit DAMA TOSTADO 40,PRODUCTO OFFICE,PANTALON,ECOMMERCE,10,"$57,990.00",,,
L-OF-PAN-CH - CF20,Chino Confort Fit DAMA TOSTADO 42,PRODUCTO OFFICE,PANTALON,ECOMMERCE,9,"$57,990.00",,,
L-OF-PAN-CH - CF21,Chino Confort Fit DAMA TOSTADO 44,PRODUCTO OFFICE,PANTALON,ECOMMERCE,9,"$57,990.00",,,
L-OF-PAN-CH - CF22,Chino Confort Fit DAMA TOSTADO 46,PRODUCTO OFFICE,PANTALON,ECOMMERCE,10,"$57,990.00",,,
L-OF-PAN-CH - CF23,Chino Confort Fit DAMA TOSTADO 48,PRODUCTO OFFICE,PANTALON,ECOMMERCE,5,"$57,990.00",,,
L-OF-PAN-CH-CF24,Chino Confort Fit DAMA TOSTADO 50,PRODUCTO OFFICE,PANTALON,ECOMMERCE,5,"$57,990.00",,,
L-OF-PAN-CH - CF45,Chino Confort Fit H TOSTADO 38,PRODUCTO OFFICE,PANTALON,ECOMMERCE,5,"$59,990.00",,,
L-OF-PAN-CH - CF46,Chino Confort Fit H TOSTADO 40,PRODUCTO OFFICE,PANTALON,ECOMMERCE,5,"$59,990.00",,,
L-OF-PAN-CH - CF47,Chino Confort Fit H TOSTADO 42,PRODUCTO OFFICE,PANTALON,ECOMMERCE,8,"$59,990.00",,,
L-OF-PAN-CH - CF48,Chino Confort Fit H TOSTADO 44,PRODUCTO OFFICE,PANTALON,ECOMMERCE,10,"$59,990.00",,,
L-OF-PAN-CH - CF49,Chino Confort Fit H TOSTADO 46,PRODUCTO OFFICE,PANTALON,ECOMMERCE,10,"$59,990.00",,,
L-OF-PAN-CH - CF50,Chino Confort Fit H TOSTADO 48,PRODUCTO OFFICE,PANTALON,ECOMMERCE,10,"$59,990.00",,,
L-OF-PAN-CH - CF51,Chino Confort Fit H TOSTADO 50,PRODUCTO OFFICE,PANTALON,ECOMMERCE,5,"$59,990.00",,,
L-OF-PAN-CH - CF44,Chino Confort Fit H TOSTADO 52,PRODUCTO OFFICE,PANTALON,ECOMMERCE,4,"$59,990.00",,,
L-OF-PAN-CH - CF25,Chino Confort Fit HOMBRE AZUL 36,PRODUCTO OFFICE,PANTALON,ECOMMERCE,10,"$59,990.00",,,
L-OF-PAN-CH - CF26,Chino Confort Fit HOMBRE AZUL 38,PRODUCTO OFFICE,PANTALON,ECOMMERCE,10,"$59,990.00",,,
L-OF-PAN-CH - CF27,Chino Confort Fit HOMBRE AZUL 40,PRODUCTO OFFICE,PANTALON,ECOMMERCE,19,"$59,990.00",,,
L-OF-PAN-CH - CF28,Chino Confort Fit HOMBRE AZUL 42,PRODUCTO OFFICE,PANTALON,ECOMMERCE,20,"$59,990.00",,,
L-OF-PAN-CH - CF29,Chino Confort Fit HOMBRE AZUL 44,PRODUCTO OFFICE,PANTALON,ECOMMERCE,20,"$59,990.00",,,
L-OF-PAN-CH - CF30,Chino Confort Fit HOMBRE AZUL 46,PRODUCTO OFFICE,PANTALON,ECOMMERCE,19,"$59,990.00",,,
L-OF-PAN-CH - CF31,Chino Confort Fit HOMBRE AZUL 48,PRODUCTO OFFICE,PANTALON,ECOMMERCE,9,"$59,990.00",,,
L-OF-PAN-CH - CF32,Chino Confort Fit HOMBRE AZUL 50,PRODUCTO OFFICE,PANTALON,ECOMMERCE,10,"$59,990.00",,,
L-OF-PAN-CH - CF36,Chino Confort Fit HOMBRE NEGRO 36,PRODUCTO OFFICE,PANTALON,ECOMMERCE,10,"$59,990.00",,,
L-OF-PAN-CH - CF37,Chino Confort Fit HOMBRE NEGRO 38,PRODUCTO OFFICE,PANTALON,ECOMMERCE,10,"$59,990.00",,,
L-OF-PAN-CH - CF38,Chino Confort Fit HOMBRE NEGRO 40,PRODUCTO OFFICE,PANTALON,ECOMMERCE,19,"$59,990.00",,,
L-OF-PAN-CH - CF39,Chino Confort Fit HOMBRE NEGRO 42,PRODUCTO OFFICE,PANTALON,ECOMMERCE,19,"$59,990.00",,,
L-OF-PAN-CH - CF40,Chino Confort Fit HOMBRE NEGRO 44,PRODUCTO OFFICE,PANTALON,ECOMMERCE,20,"$59,990.00",,,
L-OF-PAN-CH - CF41,Chino Confort Fit HOMBRE NEGRO 46,PRODUCTO OFFICE,PANTALON,ECOMMERCE,18,"$59,990.00",,,
L-OF-PAN-CH - CF42,Chino Confort Fit HOMBRE NEGRO 48,PRODUCTO OFFICE,PANTALON,ECOMMERCE,9,"$59,990.00",,,
L-OF-PAN-CH - CF43,Chino Confort Fit HOMBRE NEGRO 50,PRODUCTO OFFICE,PANTALON,ECOMMERCE,10,"$59,990.00",,,
L-WW-CHO-RIB30,Chomba Ribet Unisex Azul Marino 2XL,PRODUCTO WORKWEAR,CHOMBA,ECOMMERCE,10,"$34,990.00",,,
L-WW-CHO-RIB24,Chomba Ribet Unisex Azul Marino 2XS,PRODUCTO WORKWEAR,CHOMBA,ECOMMERCE,6,"$34,990.00",,,
L-WW-CHO-RIB31,Chomba Ribet Unisex Azul Marino 3XL,PRODUCTO WORKWEAR,CHOMBA,ECOMMERCE,6,"$34,990.00",,,
L-WW-CHO-RIB28,Chomba Ribet Unisex Azul Marino L,PRODUCTO WORKWEAR,CHOMBA,ECOMMERCE,15,"$34,990.00",,,
L-WW-CHO-RIB27,Chomba Ribet Unisex Azul Marino M,PRODUCTO WORKWEAR,CHOMBA,ECOMMERCE,16,"$34,990.00",,,
L-WW-CHO-RIB26,Chomba Ribet Unisex Azul Marino S,PRODUCTO WORKWEAR,CHOMBA,ECOMMERCE,10,"$34,990.00",,,
L-WW-CHO-RIB29,Chomba Ribet Unisex Azul Marino XL,PRODUCTO WORKWEAR,CHOMBA,ECOMMERCE,16,"$34,990.00",,,
L-WW-CHO-RIB25,Chomba Ribet Unisex Azul Marino XS,PRODUCTO WORKWEAR,CHOMBA,ECOMMERCE,5,"$34,990.00",,,
L-WW-CHO-RIB19,Chomba Ribet Unisex Gris Melange 2XL,PRODUCTO WORKWEAR,CHOMBA,ECOMMERCE,10,"$34,990.00",,,
L-WW-CHO-RIB13,Chomba Ribet Unisex Gris Melange 2XS,PRODUCTO WORKWEAR,CHOMBA,ECOMMERCE,5,"$34,990.00",,,
L-WW-CHO-RIB20,Chomba Ribet Unisex Gris Melange 3XL,PRODUCTO WORKWEAR,CHOMBA,ECOMMERCE,6,"$34,990.00",,,
L-WW-CHO-RIB17,Chomba Ribet Unisex Gris Melange L,PRODUCTO WORKWEAR,CHOMBA,ECOMMERCE,16,"$34,990.00",,,
L-WW-CHO-RIB16,Chomba Ribet Unisex Gris Melange M,PRODUCTO WORKWEAR,CHOMBA,ECOMMERCE,16,"$34,990.00",,,
L-WW-CHO-RIB15,Chomba Ribet Unisex Gris Melange S,PRODUCTO WORKWEAR,CHOMBA,ECOMMERCE,6,"$34,990.00",,,
L-WW-CHO-RIB18,Chomba Ribet Unisex Gris Melange XL,PRODUCTO WORKWEAR,CHOMBA,ECOMMERCE,15,"$34,990.00",,,
L-WW-CHO-RIB14,Chomba Ribet Unisex Gris Melange XS,PRODUCTO WORKWEAR,CHOMBA,ECOMMERCE,6,"$34,990.00",,,
L-WW-CHO-RIB8,Chomba Ribet Unisex Gris topo 2XL,PRODUCTO WORKWEAR,CHOMBA,ECOMMERCE,10,"$34,990.00",,,
L-WW-CHO-RIB2,Chomba Ribet Unisex Gris topo 2XS,PRODUCTO WORKWEAR,CHOMBA,ECOMMERCE,5,"$34,990.00",,,
L-WW-CHO-RIB9,Chomba Ribet Unisex Gris topo 3XL,PRODUCTO WORKWEAR,CHOMBA,ECOMMERCE,4,"$34,990.00",,,
L-WW-CHO-RIB6,Chomba Ribet Unisex Gris topo L,PRODUCTO WORKWEAR,CHOMBA,ECOMMERCE,15,"$34,990.00",,,
L-WW-CHO-RIB5,Chomba Ribet Unisex Gris topo M,PRODUCTO WORKWEAR,CHOMBA,ECOMMERCE,15,"$34,990.00",,,
L-WW-CHO-RIB4,Chomba Ribet Unisex Gris topo S,PRODUCTO WORKWEAR,CHOMBA,ECOMMERCE,10,"$34,990.00",,,
L-WW-CHO-RIB7,Chomba Ribet Unisex Gris topo XL,PRODUCTO WORKWEAR,CHOMBA,ECOMMERCE,15,"$34,990.00",,,
L-WW-CHO-RIB3,Chomba Ribet Unisex Gris topo XS,PRODUCTO WORKWEAR,CHOMBA,ECOMMERCE,6,"$34,990.00",,,
L-WW-CHO-RIB41,Chomba Ribet Unisex Negro 2XL,PRODUCTO WORKWEAR,CHOMBA,ECOMMERCE,10,"$34,990.00",,,
L-WW-CHO-RIB35,Chomba Ribet Unisex Negro 2XS,PRODUCTO WORKWEAR,CHOMBA,ECOMMERCE,5,"$34,990.00",,,
L-WW-CHO-RIB42,Chomba Ribet Unisex Negro 3XL,PRODUCTO WORKWEAR,CHOMBA,ECOMMERCE,6,"$34,990.00",,,
L-WW-CHO-RIB39,Chomba Ribet Unisex Negro L,PRODUCTO WORKWEAR,CHOMBA,ECOMMERCE,16,"$34,990.00",,,
L-WW-CHO-RIB38,Chomba Ribet Unisex Negro M,PRODUCTO WORKWEAR,CHOMBA,ECOMMERCE,15,"$34,990.00",,,
L-WW-CHO-RIB37,Chomba Ribet Unisex Negro S,PRODUCTO WORKWEAR,CHOMBA,ECOMMERCE,9,"$34,990.00",,,
L-WW-CHO-RIB40,Chomba Ribet Unisex Negro XL,PRODUCTO WORKWEAR,CHOMBA,ECOMMERCE,16,"$34,990.00",,,
L-WW-CHO-RIB36,Chomba Ribet Unisex Negro XS,PRODUCTO WORKWEAR,CHOMBA,ECOMMERCE,6,"$34,990.00",,,
L-WW-PAN-JFL12,Jean Flow Dama Lavado Oscuro 34,PRODUCTO WORKWEAR,PANTALON,ECOMMERCE,15,"$54,990.00",,,
L-WW-PAN-JFL13,Jean Flow Dama Lavado Oscuro 36,PRODUCTO WORKWEAR,PANTALON,ECOMMERCE,10,"$54,990.00",,,
L-WW-PAN-JFL14,Jean Flow Dama Lavado Oscuro 38,PRODUCTO WORKWEAR,PANTALON,ECOMMERCE,20,"$54,990.00",,,
L-WW-PAN-JFL15,Jean Flow Dama Lavado Oscuro 40,PRODUCTO WORKWEAR,PANTALON,ECOMMERCE,20,"$54,990.00",,,
L-WW-PAN-JFL16,Jean Flow Dama Lavado Oscuro 42,PRODUCTO WORKWEAR,PANTALON,ECOMMERCE,20,"$54,990.00",,,
L-WW-PAN-JFL17,Jean Flow Dama Lavado Oscuro 44,PRODUCTO WORKWEAR,PANTALON,ECOMMERCE,19,"$54,990.00",,,
L-WW-PAN-JFL18,Jean Flow Dama Lavado Oscuro 46,PRODUCTO WORKWEAR,PANTALON,ECOMMERCE,10,"$54,990.00",,,
L-WW-PAN-JFL19,Jean Flow Dama Lavado Oscuro 48,PRODUCTO WORKWEAR,PANTALON,ECOMMERCE,9,"$54,990.00",,,
L-WW-PAN-JFL2,Jean Flow Hombre Lavado Oscuro 38,PRODUCTO WORKWEAR,PANTALON,ECOMMERCE,18,"$55,990.00",,,
L-WW-PAN-JFL3,Jean Flow Hombre Lavado Oscuro 40,PRODUCTO WORKWEAR,PANTALON,ECOMMERCE,34,"$55,990.00",,,
L-WW-PAN-JFL4,Jean Flow Hombre Lavado Oscuro 42,PRODUCTO WORKWEAR,PANTALON,ECOMMERCE,49,"$55,990.00",,,
L-WW-PAN-JFL5,Jean Flow Hombre Lavado Oscuro 44,PRODUCTO WORKWEAR,PANTALON,ECOMMERCE,45,"$55,990.00",,,
L-WW-PAN-JFL6,Jean Flow Hombre Lavado Oscuro 46,PRODUCTO WORKWEAR,PANTALON,ECOMMERCE,49,"$55,990.00",,,
L-WW-PAN-JFL7,Jean Flow Hombre Lavado Oscuro 48,PRODUCTO WORKWEAR,PANTALON,ECOMMERCE,38,"$55,990.00",,,
L-WW-PAN-JFL8,Jean Flow Hombre Lavado Oscuro 50,PRODUCTO WORKWEAR,PANTALON,ECOMMERCE,30,"$55,990.00",,,
L-WW-PAN-JFL9,Jean Flow Hombre Lavado Oscuro 52,PRODUCTO WORKWEAR,PANTALON,ECOMMERCE,19,"$55,990.00",,,
L-WW-REM-BASS20,Remera Base Unisex Azul Marino 2XL,PRODUCTO WORKWEAR,REMERA,ECOMMERCE,20,"$19,990.00",,,
L-WW-REM-BASS52,Remera Base Unisex Azul Marino 2XS,PRODUCTO WORKWEAR,REMERA,ECOMMERCE,9,"$19,990.00",,,
L-WW-REM-BASS21,Remera Base Unisex Azul Marino 3XL,PRODUCTO WORKWEAR,REMERA,ECOMMERCE,10,"$19,990.00",,,
L-WW-REM-BASS18,Remera Base Unisex Azul Marino L,PRODUCTO WORKWEAR,REMERA,ECOMMERCE,30,"$19,990.00",,,
L-WW-REM-BASS17,Remera Base Unisex Azul Marino M,PRODUCTO WORKWEAR,REMERA,ECOMMERCE,30,"$19,990.00",,,
L-WW-REM-BASS16,Remera Base Unisex Azul Marino S,PRODUCTO WORKWEAR,REMERA,ECOMMERCE,20,"$19,990.00",,,
L-WW-REM-BASS19,Remera Base Unisex Azul Marino XL,PRODUCTO WORKWEAR,REMERA,ECOMMERCE,30,"$19,990.00",,,
L-WW-REM-BASS15,Remera Base Unisex Azul Marino XS,PRODUCTO WORKWEAR,REMERA,ECOMMERCE,10,"$19,990.00",,,
L-WW-REM-BASS34,Remera Base Unisex Blanco 2XL,PRODUCTO WORKWEAR,REMERA,ECOMMERCE,8,"$19,990.00",,,
L-WW-REM-BASS53,Remera Base Unisex Blanco 2XS,PRODUCTO WORKWEAR,REMERA,ECOMMERCE,6,"$19,990.00",,,
L-WW-REM-BASS35,Remera Base Unisex Blanco 3XL,PRODUCTO WORKWEAR,REMERA,ECOMMERCE,6,"$19,990.00",,,
L-WW-REM-BASS32,Remera Base Unisex Blanco L,PRODUCTO WORKWEAR,REMERA,ECOMMERCE,6,"$19,990.00",,,
L-WW-REM-BASS31,Remera Base Unisex Blanco M,PRODUCTO WORKWEAR,REMERA,ECOMMERCE,16,"$19,990.00",,,
L-WW-REM-BASS30,Remera Base Unisex Blanco S,PRODUCTO WORKWEAR,REMERA,ECOMMERCE,10,"$19,990.00",,,
L-WW-REM-BASS33,Remera Base Unisex Blanco XL,PRODUCTO WORKWEAR,REMERA,ECOMMERCE,16,"$19,990.00",,,
L-WW-REM-BASS29,Remera Base Unisex Blanco XS,PRODUCTO WORKWEAR,REMERA,ECOMMERCE,6,"$19,990.00",,,
L-WW-REM-BASS13,Remera Base Unisex Gris Melange 2XL,PRODUCTO WORKWEAR,REMERA,ECOMMERCE,20,"$19,990.00",,,
L-WW-REM-BASS48,Remera Base Unisex Gris Melange 2XS,PRODUCTO WORKWEAR,REMERA,ECOMMERCE,10,"$19,990.00",,,
L-WW-REM-BASS14,Remera Base Unisex Gris Melange 3XL,PRODUCTO WORKWEAR,REMERA,ECOMMERCE,10,"$19,990.00",,,
L-WW-REM-BASS11,Remera Base Unisex Gris Melange L,PRODUCTO WORKWEAR,REMERA,ECOMMERCE,29,"$19,990.00",,,
L-WW-REM-BASS10,Remera Base Unisex Gris Melange M,PRODUCTO WORKWEAR,REMERA,ECOMMERCE,29,"$19,990.00",,,
L-WW-REM-BASS9,Remera Base Unisex Gris Melange S,PRODUCTO WORKWEAR,REMERA,ECOMMERCE,20,"$19,990.00",,,
L-WW-REM-BASS12,Remera Base Unisex Gris Melange XL,PRODUCTO WORKWEAR,REMERA,ECOMMERCE,30,"$19,990.00",,,
L-WW-REM-BASS8,Remera Base Unisex Gris Melange XS,PRODUCTO WORKWEAR,REMERA,ECOMMERCE,10,"$19,990.00",,,
L-WW-REM-BASS27,Remera Base Unisex Negro 2XL,PRODUCTO WORKWEAR,REMERA,ECOMMERCE,20,"$19,990.00",,,
L-WW-REM-BASS49,Remera Base Unisex Negro 2XS,PRODUCTO WORKWEAR,REMERA,ECOMMERCE,9,"$19,990.00",,,
L-WW-REM-BASS28,Remera Base Unisex Negro 3XL,PRODUCTO WORKWEAR,REMERA,ECOMMERCE,10,"$19,990.00",,,
L-WW-REM-BASS25,Remera Base Unisex Negro L,PRODUCTO WORKWEAR,REMERA,ECOMMERCE,30,"$19,990.00",,,
L-WW-REM-BASS24,Remera Base Unisex Negro M,PRODUCTO WORKWEAR,REMERA,ECOMMERCE,29,"$19,990.00",,,
L-WW-REM-BASS23,Remera Base Unisex Negro S,PRODUCTO WORKWEAR,REMERA,ECOMMERCE,20,"$19,990.00",,,
L-WW-REM-BASS26,Remera Base Unisex Negro XL,PRODUCTO WORKWEAR,REMERA,ECOMMERCE,30,"$19,990.00",,,
L-WW-REM-BASS22,Remera Base Unisex Negro XS,PRODUCTO WORKWEAR,REMERA,ECOMMERCE,10,"$19,990.00",,,
L-OF-REM-GEN18,Remera Gentle Dama BLANCO 2XL,PRODUCTO OFFICE,REMERA,ECOMMERCE,5,"$23,990.00",,,
L-OF-REM-GEN19,Remera Gentle Dama BLANCO 3XL,PRODUCTO OFFICE,REMERA,ECOMMERCE,3,"$23,990.00",,,
L-OF-REM-GEN16,Remera Gentle Dama BLANCO L,PRODUCTO OFFICE,REMERA,ECOMMERCE,4,"$23,990.00",,,
L-OF-REM-GEN15,Remera Gentle Dama BLANCO M,PRODUCTO OFFICE,REMERA,ECOMMERCE,4,"$23,990.00",,,
L-OF-REM-GEN14,Remera Gentle Dama BLANCO S,PRODUCTO OFFICE,REMERA,ECOMMERCE,1,"$23,990.00",,,
L-OF-REM-GEN17,Remera Gentle Dama BLANCO XL,PRODUCTO OFFICE,REMERA,ECOMMERCE,5,"$23,990.00",,,
L-OF-REM-GEN6,Remera Gentle Dama NEGRO 2XL,PRODUCTO OFFICE,REMERA,ECOMMERCE,5,"$23,990.00",,,
L-OF-REM-GEN20,Remera Gentle Dama NEGRO 3XL,PRODUCTO OFFICE,REMERA,ECOMMERCE,3,"$23,990.00",,,
L-OF-REM-GEN4,Remera Gentle Dama NEGRO L,PRODUCTO OFFICE,REMERA,ECOMMERCE,5,"$23,990.00",,,
L-OF-REM-GEN3,Remera Gentle Dama NEGRO M,PRODUCTO OFFICE,REMERA,ECOMMERCE,5,"$23,990.00",,,
L-OF-REM-GEN2,Remera Gentle Dama NEGRO S,PRODUCTO OFFICE,REMERA,ECOMMERCE,3,"$23,990.00",,,
L-OF-REM-GEN5,Remera Gentle Dama NEGRO XL,PRODUCTO OFFICE,REMERA,ECOMMERCE,5,"$23,990.00",,,
L-WW-CA-ROMP7,Rompevientos Rager Unisex Gris T 2XL,PRODUCTO WORKWEAR,CAMPERA,ECOMMERCE,10,"$65,990.00",,,
L-WW-CA-ROMP1,Rompevientos Rager Unisex Gris T 2XS,PRODUCTO WORKWEAR,CAMPERA,ECOMMERCE,7,"$65,990.00",,,
L-WW-CA-ROMP8,Rompevientos Rager Unisex Gris T 3XL,PRODUCTO WORKWEAR,CAMPERA,ECOMMERCE,8,"$65,990.00",,,
L-WW-CA-ROMP5,Rompevientos Rager Unisex Gris T L,PRODUCTO WORKWEAR,CAMPERA,ECOMMERCE,10,"$65,990.00",,,
L-WW-CA-ROMP4,Rompevientos Rager Unisex Gris T M,PRODUCTO WORKWEAR,CAMPERA,ECOMMERCE,5,"$65,990.00",,,
L-WW-CA-ROMP3,Rompevientos Rager Unisex Gris T S,PRODUCTO WORKWEAR,CAMPERA,ECOMMERCE,8,"$65,990.00",,,
L-WW-CA-ROMP6,Rompevientos Rager Unisex Gris T XL,PRODUCTO WORKWEAR,CAMPERA,ECOMMERCE,9,"$65,990.00",,,
L-WW-CA-ROMP2,Rompevientos Rager Unisex Gris T XS,PRODUCTO WORKWEAR,CAMPERA,ECOMMERCE,7,"$65,990.00",,,
L-WW-CA-ROMP23,Rompevientos Rager Unisex Negro 2XL,PRODUCTO WORKWEAR,CAMPERA,ECOMMERCE,18,"$65,990.00",,,
L-WW-CA-ROMP17,Rompevientos Rager Unisex Negro 2XS,PRODUCTO WORKWEAR,CAMPERA,ECOMMERCE,5,"$65,990.00",,,
L-WW-CA-ROMP24,Rompevientos Rager Unisex Negro 3XL,PRODUCTO WORKWEAR,CAMPERA,ECOMMERCE,7,"$65,990.00",,,
L-WW-CA-ROMP21,Rompevientos Rager Unisex Negro L,PRODUCTO WORKWEAR,CAMPERA,ECOMMERCE,29,"$65,990.00",,,
L-WW-CA-ROMP20,Rompevientos Rager Unisex Negro M,PRODUCTO WORKWEAR,CAMPERA,ECOMMERCE,29,"$65,990.00",,,
L-WW-CA-ROMP19,Rompevientos Rager Unisex Negro S,PRODUCTO WORKWEAR,CAMPERA,ECOMMERCE,28,"$65,990.00",,,
L-WW-CA-ROMP22,Rompevientos Rager Unisex Negro XL,PRODUCTO WORKWEAR,CAMPERA,ECOMMERCE,18,"$65,990.00",,,
L-WW-CA-ROMP18,Rompevientos Rager Unisex Negro XS,PRODUCTO WORKWEAR,CAMPERA,ECOMMERCE,6,"$65,990.00",,,
L-OF-TEJ- SW - ESSE21,Sweater Essence H AZUL MAR L,PRODUCTO OFFICE,TEJIDO,ECOMMERCE,10,"$69,990.00",,,
L-OF-TEJ- SW - ESSE20,Sweater Essence H AZUL MAR M,PRODUCTO OFFICE,TEJIDO,ECOMMERCE,10,"$69,990.00",,,
L-OF-TEJ- SW - ESSE22,Sweater Essence H AZUL MAR XL,PRODUCTO OFFICE,TEJIDO,ECOMMERCE,6,"$69,990.00",,,
L-OF-TEJ- SW - ESSE3,Sweater Essence H GRIS MEL CL L,PRODUCTO OFFICE,TEJIDO,ECOMMERCE,11,"$69,990.00",,,
L-OF-TEJ- SW - ESSE2,Sweater Essence H GRIS MEL CL M,PRODUCTO OFFICE,TEJIDO,ECOMMERCE,23,"$69,990.00",,,
L-OF-TEJ- SW - ESSE1,Sweater Essence H GRIS MEL CL S,PRODUCTO OFFICE,TEJIDO,ECOMMERCE,10,"$69,990.00",,,
L-OF-TEJ- SW - ESSE4,Sweater Essence H GRIS MEL CL XL,PRODUCTO OFFICE,TEJIDO,ECOMMERCE,2,"$69,990.00",,,
L-OF-TEJ- SW - ESSE17,Sweater Essence H NEG 2XL,PRODUCTO OFFICE,TEJIDO,ECOMMERCE,17,"$69,990.00",,,
L-OF-TEJ- SW - ESSE15,Sweater Essence H NEG L,PRODUCTO OFFICE,TEJIDO,ECOMMERCE,23,"$69,990.00",,,
L-OF-TEJ- SW - ESSE14,Sweater Essence H NEG M,PRODUCTO OFFICE,TEJIDO,ECOMMERCE,19,"$69,990.00",,,
L-OF-TEJ- SW - ESSE13,Sweater Essence H NEG S,PRODUCTO OFFICE,TEJIDO,ECOMMERCE,11,"$69,990.00",,,
L-OF-TEJ- SW - ESSE16,Sweater Essence H NEG XL,PRODUCTO OFFICE,TEJIDO,ECOMMERCE,14,"$69,990.00",,,